"[""1"""," ""1月1日"""," ""小门神"""," ""中国"""," ""追光人动画设计（北京）有限公司"""," ""-"""," ""-"""," ""-""]",
"[""2""",," ""一切都好"""," ""中国"""," ""北京金盛信马影视文化有限公司"""," ""-"""," ""-"""," ""-""]",
"[""3""",," ""皇帝的新装之圣诞大明星"""," ""中国"""," ""合肥创新符号影视文化有限公司"""," ""-"""," ""-"""," ""-""]",
"[""4""",," ""冰美人"""," ""中国"""," ""东方金鹏（北京）文化传媒有限公司"""," ""-"""," ""-"""," ""-""]",
"[""5"""," ""1月4日"""," ""神探夏洛克"""," ""英国"""," ""英国BBC环球"""," ""-"""," ""-"""," ""-""]",
"[""6"""," ""1月7日"""," ""舌尖上的新年"""," ""中国"""," ""北京东海麒麟文化传播有限公司"""," ""-"""," ""-"""," ""-""]",
"[""7"""," ""1月8日"""," ""荒村怨灵"""," ""中国"""," ""北京光影部落影视文化传播有限公司"""," ""-"""," ""-"""," ""-""]",
"[""8"""," ""1月9日"""," ""星球大战：原力觉醒"""," ""美国"""," ""美国卢卡斯影业公司"""," ""-"""," ""-"""," ""-""]",
"[""9""",," ""不是钱的事"""," ""中国"""," ""东莞市华彩文化传播有限公司"""," ""-"""," ""-"""," ""-""]",
"[""10"""," ""1月14日"""," ""通灵神探"""," ""美国"""," ""美国电影国度娱乐公司"""," ""-"""," ""-"""," ""-""]",
"[""11"""," ""1月15日"""," ""最后的巫师猎人"""," ""美国"""," ""美国狮门影片公司"""," ""-"""," ""-"""," ""-""]",
"[""12""",," ""国酒"""," ""中国"""," ""潇湘电影集团有限公司"""," ""-"""," ""-"""," ""-""]",
"[""13""",," ""极限挑战之皇家宝藏"""," ""中国"""," ""上海尚世影业有限公司"""," ""-"""," ""-"""," ""-""]",
"[""14""",," ""恋爱教父之三个“坏”家伙"""," ""中国"""," ""北京南海影业有限公司"""," ""-"""," ""-"""," ""-""]",
"[""15""",," ""消失爱人"""," ""中国"""," ""福建恒业影业有限公司"""," ""-"""," ""-"""," ""-""]",
"[""16""",," ""我很帅"""," ""中国"""," ""海莹鼎盛影视文化发展（北京）有限公司"""," ""-"""," ""-"""," ""-""]",
"[""17"""," ""1月16日"""," ""熊出没之熊心归来"""," ""中国"""," ""深圳华强数字动漫有限公司"""," ""-"""," ""-"""," ""-""]",
"[""18"""," ""1月21日"""," ""大山的女儿"""," ""中国"""," ""上海安盛影业有限公司"""," ""-"""," ""-"""," ""-""]",
"[""19"""," ""1月22日"""," ""云中行走"""," ""美国"""," ""美国三星影片公司"""," ""-"""," ""-"""," ""-""]",
"[""20""",," ""爱在深秋"""," ""中国"""," ""北京凯视芳华文化传播有限公司"""," ""-"""," ""-"""," ""-""]",
"[""21""",," ""恶灵之门"""," ""中国"""," ""河南电影电视制作集团有限公司"""," ""-"""," ""-"""," ""-""]",
"[""22""",," ""请把你的窗户打开"""," ""中国"""," ""三亚赫迪文化发展有限公司"""," ""-"""," ""-"""," ""-""]",
"[""23""",," ""爸爸我来救你了"""," ""中国"""," ""上海电影（集团）有限公司"""," ""-"""," ""-"""," ""-""]",
"[""24""",," ""真相禁区"""," ""中国"""," ""四川省热窝文化传播有限公司"""," ""-"""," ""-"""," ""-""]",
"[""25""",," ""一家老小向前冲"""," ""中国"""," ""世纪百年影业（天津）有限公司"""," ""-"""," ""-"""," ""-""]",
"[""26""",," ""钢板咏叹调"""," ""中国"""," ""四川飞马西南影视艺术发展中心"""," ""-"""," ""-"""," ""-""]",
"[""27""",," ""谎言大爆炸"""," ""中国"""," ""云南民族电影制片厂"""," ""-"""," ""-"""," ""-""]",
"[""28"""," ""1月23日"""," ""猿创世界之熊孩子部落"""," ""中国"""," ""福建神画时代数码动画有限公司"""," ""-"""," ""-"""," ""-""]",
"[""29""",," ""恶人报喜"""," ""中国"""," ""银都机构有限公司"""," ""-"""," ""-"""," ""-""]",
"[""30"""," ""1月26日"""," ""鼠来宝4：萌在囧途"""," ""美国"""," ""美国二十世纪福斯影片公司"""," ""-"""," ""-"""," ""-""]",
"[""31""",," ""小小校长"""," ""中国"""," ""北京华影卫士影视艺术交流中心"""," ""-"""," ""-"""," ""-""]",
"[""32"""," ""1月29日"""," ""功夫熊猫3"""," ""中国"""," ""中国电影股份有限公司"""," ""-"""," ""-"""," ""-""]",
"[""33""",," ""我的“狐朋狗友”"""," ""中国"""," ""深圳市金海岸影业有限公司"""," ""-"""," ""-"""," ""-""]",
"[""34""",," ""致我们终将到来的爱情"""," ""中国"""," ""福建朱子影视文化发展有限公司"""," ""-"""," ""-"""," ""-""]",
"[""35""",," ""风口青春"""," ""中国"""," ""天雄圣视（北京）文化传媒有限公司"""," ""-"""," ""-"""," ""-""]",
"[""36""",," ""非同小可"""," ""中国"""," ""河北电影制片厂"""," ""-"""," ""-"""," ""-""]",
"[""37""",," ""蒸发太平洋"""," ""中国"""," ""上海泓亮影视文化有限公司"""," ""-"""," ""-"""," ""-""]",
,,,,,,,,
"[""1"""," ""2月1日"""," ""过年好"""," ""中国"""," ""岩上映画文化传媒（北京）有限公司"""," ""-"""," ""-"""," ""-""]",
"[""2"""," ""2月8日"""," ""美人鱼"""," ""中国"""," ""中国电影股份有限公司"""," ""-"""," ""-"""," ""-""]",
"[""3""",," ""澳门风云3"""," ""中国"""," ""博纳影业集团有限公司"""," ""-"""," ""-"""," ""-""]",
"[""4""",," ""西游记之孙悟空三打白骨精"""," ""中国"""," ""星皓影业有限公司"""," ""-"""," ""-"""," ""-""]",
"[""5""",," ""年兽大作战"""," ""中国"""," ""北京坏猴子文化产业发展有限公司"""," ""-"""," ""-"""," ""-""]",
"[""6""",," ""龙凤呈祥"""," ""中国"""," ""中国电影股份有限公司"""," ""-"""," ""-"""," ""-""]",
"[""7"""," ""2月11日"""," ""断片儿"""," ""中国"""," ""磐安县碧海情天影视传媒有限公司"""," ""-"""," ""-"""," ""-""]",
"[""8"""," ""2月14日"""," ""谋杀似水年华"""," ""中国"""," ""万达影视传媒有限公司"""," ""-"""," ""-"""," ""-""]",
"[""9""",," ""奔爱"""," ""中国"""," ""北京永利文化传播有限责任公司"""," ""-"""," ""-"""," ""-""]",
"[""10""",," ""高跟鞋先生"""," ""中国"""," ""北京小马当红文化传媒有限公司"""," ""-"""," ""-"""," ""-""]",
"[""11"""," ""2月15日"""," ""天降"""," ""中国"""," ""北京星灿光芒影视传播有限公司"""," ""-"""," ""-"""," ""-""]",
"[""12"""," ""2月18日"""," ""火影忍者剧场版：博人传"""," ""日本"""," ""日本东京电视台"""," ""-"""," ""-"""," ""-""]",
"[""13"""," ""2月19日"""," ""卧虎藏龙:青冥宝剑"""," ""中国美国"""," ""中国电影股份有限公司奈飞公司（美国）"""," ""-"""," ""-"""," ""-""]",
"[""14""",," ""青蛙王国之冰冻大冒险"""," ""中国"""," ""吉林禹硕影视传媒股份有限公司"""," ""-"""," ""-"""," ""-""]",
"[""15""",," ""恭喜发财之谈钱说爱"""," ""中国"""," ""黑龙江电影制片厂有限公司"""," ""-"""," ""-"""," ""-""]",
"[""16""",," ""致命怪谈"""," ""中国"""," ""北京光影魔方文化传媒中心"""," ""-"""," ""-"""," ""-""]",
"[""17""",," ""夺命枪火"""," ""法国"""," ""法国小皇后电影公司"""," ""-"""," ""-"""," ""-""]",
"[""18"""," ""2月20日"""," ""托马斯和朋友们多多岛之迷失宝藏"""," ""英国"""," ""英国HIT娱乐公司"""," ""-"""," ""-"""," ""-""]",
"[""19"""," ""2月25日"""," ""当我们年轻的时候"""," ""中国"""," ""烟台清泉影视文化有限公司"""," ""-"""," ""-"""," ""-""]",
"[""20""",," ""诡娃"""," ""中国"""," ""北京传奇美画影视文化有限公司"""," ""-"""," ""-"""," ""-""]",
"[""21"""," ""2月26日"""," ""圣斗士星矢"""," ""日本"""," ""日本东映株式会社"""," ""-"""," ""-"""," ""-""]",
"[""22""",," ""末日迷踪"""," ""加拿大"""," ""加拿大元娱乐公司"""," ""-"""," ""-"""," ""-""]",
"[""23""",," ""霹雳囧花"""," ""中国香港"""," ""香港狮子山影画有限公司"""," ""-"""," ""-"""," ""-""]",
,,,,,,,,
"[""1"""," ""3月4日"""," ""叶问3"""," ""中国"""," ""上海鸣艺文化传媒有限公司"""," ""-"""," ""-"""," ""-""]",
"[""2""",," ""地心营救"""," ""美国"""," ""美国凤凰影片公司"""," ""-"""," ""-"""," ""-""]",
"[""3""",," ""疯狂动物城"""," ""美国"""," ""美国迪士尼影片公司"""," ""-"""," ""-"""," ""-""]",
"[""4""",," ""你是不是我的爱人"""," ""中国"""," ""北京申开影视文化有限公司"""," ""-"""," ""-"""," ""-""]",
"[""5""",," ""谍影特工"""," ""美国"""," ""美国SPD影业公司"""," ""-"""," ""-"""," ""-""]",
"[""6"""," ""3月10日"""," ""哪一天我们会飞"""," ""中国香港"""," ""香港寰亚电影制作有限公司"""," ""-"""," ""-"""," ""-""]",
"[""7"""," ""3月11日"""," ""神战：权力之眼"""," ""美国"""," ""美国顶峰娱乐公司"""," ""-"""," ""-"""," ""-""]",
"[""8""",," ""我不是王毛"""," ""中国"""," ""八一电影制片厂"""," ""-"""," ""-"""," ""-""]",
"[""9""",," ""同城邂逅"""," ""中国"""," ""上海凯羿影视传播有限公司"""," ""-"""," ""-"""," ""-""]",
"[""10""",," ""床下有人3"""," ""中国"""," ""山西菲尔幕文化传媒有限公司"""," ""-"""," ""-"""," ""-""]",
"[""11""",," ""笨贼别跑"""," ""中国"""," ""北京中外世纪影视文化传播有限公司"""," ""-"""," ""-"""," ""-""]",
"[""12""",," ""灯塔下的恋人"""," ""中国"""," ""银都机构有限公司"""," ""-"""," ""-"""," ""-""]",
"[""13""",," ""箭士柳白猿"""," ""中国"""," ""北京美特美文化传媒有限公司"""," ""-"""," ""-"""," ""-""]",
"[""14"""," ""3月15日"""," ""决不饶恕"""," ""中国"""," ""中网宣（北京）文化传媒有限公司"""," ""-"""," ""-"""," ""-""]",
"[""15""",," ""丫语心声"""," ""中国"""," ""山西世纪星美文化传播有限公司"""," ""-"""," ""-"""," ""-""]",
"[""16"""," ""3月17日"""," ""恐怖禁忌之红旗袍"""," ""中国"""," ""中艺英纳影业(北京)有限公司"""," ""-"""," ""-"""," ""-""]",
"[""17"""," ""3月18日"""," ""寻找心中的你"""," ""中国"""," ""天马影联影视文化（北京）有限公司"""," ""-"""," ""-"""," ""-""]",
"[""18""",," ""洛杉矶捣蛋计划"""," ""中国"""," ""华影亿时代国际影业(北京)有限公司"""," ""-"""," ""-"""," ""-""]",
"[""19""",," ""飞鹰艾迪"""," ""英国"""," ""英国马福电影公司"""," ""-"""," ""-"""," ""-""]",
"[""20""",," ""荒野猎人"""," ""美国"""," ""美国新摄政电影公司"""," ""-"""," ""-"""," ""-""]",
"[""21""",," ""女汉子真爱公式"""," ""中国"""," ""光影工场文化传播有限公司"""," ""-"""," ""-"""," ""-""]",
"[""22"""," ""3月25日"""," ""回乡逗儿"""," ""中国"""," ""沈阳秦汉影视制作发行有限公司"""," ""-"""," ""-"""," ""-""]",
"[""23""",," ""缘份"""," ""中国香港"""," ""香港邵氏兄弟(香港)有限公司邵氏制片厂"""," ""-"""," ""-"""," ""-""]",
"[""24""",," ""喜乐长安"""," ""中国"""," ""江苏真慧影业有限公司"""," ""-"""," ""-"""," ""-""]",
"[""25""",," ""恐怖将映"""," ""中国"""," ""北京鸟人艺术推广有限责任公司"""," ""-"""," ""-"""," ""-""]",
"[""26""",," ""蝙蝠侠大战超人：正义黎明"""," ""美国"""," ""美国华纳兄弟影片公司"""," ""-"""," ""-"""," ""-""]",
"[""27""",," ""一夜危机"""," ""中国"""," ""映代码(北京)文化传媒有限公司"""," ""-"""," ""-"""," ""-""]",
"[""28""",," ""半熟少女"""," ""中国"""," ""北京时代影响力影视文化有限公司"""," ""-"""," ""-"""," ""-""]",
"[""29""",," ""白毛女"""," ""中国"""," ""中华人民共和国文化部"""," ""-"""," ""-"""," ""-""]",
,,,,,,,,
"[""1"""," ""4月1日"""," ""睡在我上铺的兄弟"""," ""中国"""," ""乐视影业（北京）有限公司"""," ""-"""," ""-"""," ""-""]",
"[""2""",," ""火锅英雄"""," ""中国"""," ""新丽传媒股份有限公司"""," ""-"""," ""-"""," ""-""]",
"[""3""",," ""我的特工爷爷"""," ""中国"""," ""北京数字印象文化传播有限公司"""," ""-"""," ""-"""," ""-""]",
"[""4""",," ""轩辕大帝"""," ""中国"""," ""中国电影股份有限公司"""," ""-"""," ""-"""," ""-""]",
"[""5""",," ""灵偶契约"""," ""美国"""," ""美国STX娱乐公司"""," ""-"""," ""-"""," ""-""]",
"[""6"""," ""4月5日"""," ""太空熊猫英雄归来"""," ""中国"""," ""合肥秦尚文化科技有限公司"""," ""-"""," ""-"""," ""-""]",
"[""7"""," ""4月8日"""," ""伦敦陷落"""," ""英国"""," ""英国LHF电影公司"""," ""-"""," ""-"""," ""-""]",
"[""8""",," ""隔壁惊魂"""," ""中国"""," ""北京中高精彩文化传媒有限公司"""," ""-"""," ""-"""," ""-""]",
"[""9""",," ""小角色"""," ""中国"""," ""北京一路映画影视文化有限公司"""," ""-"""," ""-"""," ""-""]",
"[""10""",," ""午夜寻访录"""," ""中国"""," ""北京自由高度传媒广告有限公司"""," ""-"""," ""-"""," ""-""]",
"[""11""",," ""我的老婆是明星"""," ""中国"""," ""星光联盟影业无锡有限公司"""," ""-"""," ""-"""," ""-""]",
"[""12""",," ""平凡的足球"""," ""中国"""," ""陕西希望在线文化传播有限公司"""," ""-"""," ""-"""," ""-""]",
"[""13"""," ""4月14日"""," ""垫底辣妹"""," ""日本"""," ""日本东宝株式会社"""," ""-"""," ""-"""," ""-""]",
"[""14"""," ""4月15日"""," ""纽约纽约"""," ""中国"""," ""华谊兄弟传媒股份有限公司"""," ""-"""," ""-"""," ""-""]",
"[""15""",," ""猫脸老太太"""," ""中国"""," ""山西菲尔幕文化传媒有限公司"""," ""-"""," ""-"""," ""-""]",
"[""16""",," ""冰河追凶"""," ""中国"""," ""福星全亚文化传媒（上海）有限公司"""," ""-"""," ""-"""," ""-""]",
"[""17""",," ""不朽的时光"""," ""中国"""," ""欣欣然（北京）文化传媒有限公司"""," ""-"""," ""-"""," ""-""]",
"[""18""",," ""废柴特工"""," ""美国"""," ""美国电影国度娱乐公司"""," ""-"""," ""-"""," ""-""]",
"[""19""",," ""奇幻森林"""," ""美国"""," ""美国迪士尼影片公司"""," ""-"""," ""-"""," ""-""]",
"[""20""",," ""夺命推理"""," ""中国"""," ""中创美视（北京）国际影视传媒有限公司"""," ""-"""," ""-"""," ""-""]",
"[""21"""," ""4月18日"""," ""国家利益"""," ""瑞典"""," ""瑞典潘帕斯制片公司"""," ""-"""," ""-"""," ""-""]",
"[""22"""," ""4月20日"""," ""情花谷"""," ""中国"""," ""中国国际文化艺术中心"""," ""-"""," ""-"""," ""-""]",
"[""23"""," ""4月22日"""," ""临时约定"""," ""中国"""," ""北京盛雅文化传媒有限公司"""," ""-"""," ""-"""," ""-""]",
"[""24""",," ""我的新野蛮女友"""," ""中国"""," ""北京摩天轮文化传媒有限公司"""," ""-"""," ""-"""," ""-""]",
"[""25""",," ""女神时代"""," ""中国"""," ""东莞飞娱文化传播有限公司"""," ""-"""," ""-"""," ""-""]",
"[""26""",," ""恐怖照相机"""," ""中国"""," ""上海帝鹤文化传媒有限公司"""," ""-"""," ""-"""," ""-""]",
"[""27""",," ""失眠男女"""," ""中国"""," ""深圳市海元梦想文化传媒有限公司"""," ""-"""," ""-"""," ""-""]",
"[""28""",," ""我的1000万"""," ""中国"""," ""昆明沧龙文化传播有限公司"""," ""-"""," ""-"""," ""-""]",
"[""29""",," ""刑警兄弟"""," ""中国"""," ""银都机构有限公司"""," ""-"""," ""-"""," ""-""]",
"[""30""",," ""谁的青春不迷茫"""," ""中国"""," ""北京光线影业有限公司"""," ""-"""," ""-"""," ""-""]",
"[""31""",," ""莫斯科离大同不远"""," ""中国"""," ""北京湍泷天吼文化传媒有限公司"""," ""-"""," ""-"""," ""-""]",
"[""32""",," ""猎神：冬日之战"""," ""美国"""," ""美国环球影片公司"""," ""-"""," ""-"""," ""-""]",
"[""33"""," ""4月29日"""," ""大唐玄奘"""," ""中国"""," ""中国电影股份有限公司"""," ""-"""," ""-"""," ""-""]",
"[""34""",," ""北京遇上西雅图之不二情书"""," ""中国"""," ""东阳盟將威影视文化有限公司"""," ""-"""," ""-"""," ""-""]",
"[""35""",," ""梦想合伙人"""," ""中国"""," ""北京乐华圆娱文化传播股份有限公司"""," ""-"""," ""-"""," ""-""]",
"[""36""",," ""魔宫魅影"""," ""中国"""," ""博纳影业集团有限公司"""," ""-"""," ""-"""," ""-""]",
"[""37"""," ""4月30日"""," ""马小乐之玩具也疯狂"""," ""中国"""," ""中国电影股份有限公司"""," ""-"""," ""-"""," ""-""]",
"[""38""",," ""阿里巴巴2所罗门封印"""," ""中国"""," ""合肥秦尚文化科技有限公司"""," ""-"""," ""-"""," ""-""]",
"[""39""",," ""青蛙总动员"""," ""中国"""," ""北京海晏和清影视文化有限公司"""," ""-"""," ""-"""," ""-""]",
,,,,,,,,
"[""1"""," ""5月6日"""," ""百鸟朝凤"""," ""中国"""," ""西安曲江梦园影视有限公司"""," ""-"""," ""-"""," ""-""]",
"[""2""",," ""妄想症"""," ""中国"""," ""北京伟世兄弟影视文化传媒有限公司"""," ""-"""," ""-"""," ""-""]",
"[""3""",," ""男神抱抱"""," ""中国"""," ""六合华纳（北京）文化传媒有限公司"""," ""-"""," ""-"""," ""-""]",
"[""4""",," ""布基兰"""," ""中国"""," ""梅尔塞纳影视文化（北京）有限公司"""," ""-"""," ""-"""," ""-""]",
"[""5""",," ""判我有罪"""," ""中国"""," ""广州知星影视文化有限公司"""," ""-"""," ""-"""," ""-""]",
"[""6""",," ""美国队长3"""," ""美国"""," ""美国漫威影业"""," ""-"""," ""-"""," ""-""]",
"[""7"""," ""5月12日"""," ""幻体：续命游戏"""," ""美国"""," ""美国电影国度娱乐公司"""," ""-"""," ""-"""," ""-""]",
"[""8"""," ""5月13日"""," ""别开门"""," ""中国"""," ""恒嘉天晟(北京)影业有限公司"""," ""-"""," ""-"""," ""-""]",
"[""9""",," ""笔仙诡影"""," ""中国"""," ""北京泰格尔影视文化传媒有限公司"""," ""-"""," ""-"""," ""-""]",
"[""10""",," ""购物女王"""," ""中国"""," ""云南电影集团有限责任公司"""," ""-"""," ""-"""," ""-""]",
"[""11""",," ""再见","在也不见"""," ""中国"""," ""广西电影集团有限公司"""," ""-"""," ""-"""," ""-""]"
"[""12""",," ""超脑48小时"""," ""美国"""," ""美国千禧年电影公司"""," ""-"""," ""-"""," ""-""]",
"[""13"""," ""5月20日"""," ""708090之深圳恋歌"""," ""中国"""," ""深圳市美亚文化传播有限公司"""," ""-"""," ""-"""," ""-""]",
"[""14""",," ""夜孔雀"""," ""中国"""," ""上海尚世影业有限公司"""," ""-"""," ""-"""," ""-""]",
"[""15""",," ""死亡笔记"""," ""中国"""," ""上海华娱星库文化传播有限公司"""," ""-"""," ""-"""," ""-""]",
"[""16""",," ""整形师·脸"""," ""中国"""," ""中国电影股份有限公司"""," ""-"""," ""-"""," ""-""]",
"[""17""",," ""在雨中"""," ""中国"""," ""北京环影华艺文化传媒有限公司"""," ""-"""," ""-"""," ""-""]",
"[""18""",," ""钢刀"""," ""中国"""," ""深圳市金海岸影业有限公司"""," ""-"""," ""-"""," ""-""]",
"[""19""",," ""愤怒的小鸟"""," ""芬兰"""," ""芬兰罗威欧动画公司"""," ""-"""," ""-"""," ""-""]",
"[""20""",," ""分歧者3：忠诚世界"""," ""美国"""," ""美国顶峰娱乐影片公司"""," ""-"""," ""-"""," ""-""]",
"[""21""",," ""水滴之梦"""," ""中国"""," ""华派影业（深圳）有限公司"""," ""-"""," ""-"""," ""-""]",
"[""22"""," ""5月25日"""," ""自我救赎"""," ""中国"""," ""北京雅越文化传播有限公司"""," ""-"""," ""-"""," ""-""]",
"[""23"""," ""5月27日"""," ""糖果世界大冒险"""," ""中国"""," ""上海河马动画设计股份有限公司"""," ""-"""," ""-"""," ""-""]",
"[""24""",," ""妖医"""," ""中国"""," ""美星（天津）影视传媒有限公司"""," ""-"""," ""-"""," ""-""]",
"[""25""",," ""蜜月酒店杀人事件"""," ""中国"""," ""中海外大拇指文化传媒股份有限公司"""," ""-"""," ""-"""," ""-""]",
"[""26""",," ""小蚂蚁之环球大冒险"""," ""中国"""," ""广州海力动漫文化发展有限公司"""," ""-"""," ""-"""," ""-""]",
"[""27""",," ""山那边有匹马"""," ""中国"""," ""北京十月天文化传媒有限公司"""," ""-"""," ""-"""," ""-""]",
"[""28""",," ""爱丽丝梦游仙境2：镜中奇遇记"""," ""美国"""," ""美国迪士尼影片公司"""," ""-"""," ""-"""," ""-""]",
,,,,,,,,
"[""1"""," ""6月1日"""," ""水果宝贝之水果总动员"""," ""中国"""," ""广州爱动影视科技有限公司"""," ""-"""," ""-"""," ""-""]",
"[""2""",," ""动植物大战"""," ""中国"""," ""哈尔滨智慧动画艺术有限公司"""," ""-"""," ""-"""," ""-""]",
"[""3""",," ""斗龙战士之星印罗盘"""," ""中国"""," ""天津百逸互娱动漫有限公司"""," ""-"""," ""-"""," ""-""]",
"[""4""",," ""不许动"""," ""中国"""," ""成都灰色白点文化传播有限公司"""," ""-"""," ""-"""," ""-""]",
"[""5""",," ""6月3日"""," ""X战警:天启"""," ""美国"""," ""美国二十世纪福斯公司"""," ""-"""," ""-"""," ""-""]"
"[""6""",," ""记忆碎片"""," ""中国"""," ""七星影视文化传媒（北京）有限责任公司"""," ""-"""," ""-"""," ""-""]",
"[""7""",," ""死亡游戏"""," ""中国"""," ""上海华娱星库文化传播有限公司"""," ""-"""," ""-"""," ""-""]",
"[""8""",," ""提款机"""," ""中国香港"""," ""香港星艺有限公司"""," ""-"""," ""-"""," ""-""]",
"[""9"""," ""6月6日"""," ""Hi","高考君"""," ""中国"""," ""电影频道节目中心"""," ""-"""," ""-"""," ""-""]"
"[""10"""," ""6月8日"""," ""魔兽"""," ""美国"""," ""美国环球影片公司"""," ""-"""," ""-"""," ""-""]",
"[""11""",," ""小英格兰"""," ""希腊"""," ""希腊菲尔德娱乐公司"""," ""-"""," ""-"""," ""-""]",
"[""12""",," ""6月9日"""," ""泰迪熊之玩具大战"""," ""中国"""," ""广州金川文化有限公司"""," ""-"""," ""-"""," ""-""]"
"[""13""",," ""我们毕业啦"""," ""中国"""," ""讯理影业（上海）有限公司"""," ""-"""," ""-"""," ""-""]",
"[""14"""," ""6月17日"""," ""筷仙"""," ""中国"""," ""山西电影制片厂（有限公司）"""," ""-"""," ""-"""," ""-""]",
"[""15""",," ""海洋之恋"""," ""中国"""," ""北京东方星光国际影视文化传媒有限公司"""," ""-"""," ""-"""," ""-""]",
"[""16""",," ""练胆儿"""," ""中国"""," ""北京京粤世纪文化传媒有限公司"""," ""-"""," ""-"""," ""-""]",
"[""17""",," ""当流星划过天际"""," ""中国"""," ""浙江海缘影视有限公司"""," ""-"""," ""-"""," ""-""]",
"[""18""",," ""山花烂漫时"""," ""中国"""," ""北京和颂投资有限公司"""," ""-"""," ""-"""," ""-""]",
"[""19""",," ""我叫哀木涕之山口山战记"""," ""中国"""," ""北京光线影业有限公司"""," ""-"""," ""-"""," ""-""]",
"[""20""",," ""海底总动员2：多莉去哪儿"""," ""美国"""," ""美国迪士尼影片公司"""," ""-"""," ""-"""," ""-""]",
"[""21""",," ""老警"""," ""中国"""," ""长沙新颜绽放文化传播有限公司"""," ""-"""," ""-"""," ""-""]",
"[""22"""," ""6月23日"""," ""南口1937"""," ""中国"""," ""中国电影家协会"""," ""-"""," ""-"""," ""-""]",
"[""23"""," ""6月24日"""," ""三人行"""," ""中国"""," ""中影寰亚音像制品有限公司"""," ""-"""," ""-"""," ""-""]",
"[""24""",," ""近在咫尺的爱恋"""," ""中国"""," ""银都机构有限公司"""," ""-"""," ""-"""," ""-""]",
"[""25""",," ""独立日：卷土重来"""," ""美国"""," ""美国二十世纪福斯公司"""," ""-"""," ""-"""," ""-""]",
"[""26""",," ""惊天魔盗团2"""," ""美国"""," ""美国顶峰娱乐影片公司"""," ""-"""," ""-"""," ""-""]",
"[""27"""," ""6月27日"""," ""大火种"""," ""中国"""," ""北京海盛文化发展有限公司"""," ""-"""," ""-"""," ""-""]",
"[""28"""," ""6月29日"""," ""刻在石磨上的勋章"""," ""中国"""," ""河南封门村文化传播有限公司"""," ""-"""," ""-"""," ""-""]",
"[""29"""," ""6月30日"""," ""所以……和黑粉结婚了"""," ""中国"""," ""上海博纳文化传媒有限公司"""," ""-"""," ""-"""," ""-""]",
,,,,,,,,
"[""1"""," ""7月1日"""," ""党的女儿尹灵芝"""," ""中国"""," ""中国人民解放军总后勤部金盾影视中心"""," ""-"""," ""-"""," ""-""]",
"[""2""",," ""魔轮"""," ""中国"""," ""上海基美影业股份有限公司"""," ""-"""," ""-"""," ""-""]",
"[""3""",," ""赏金猎人"""," ""中国"""," ""上海鸣艺文化传媒有限公司"""," ""-"""," ""-"""," ""-""]",
"[""4""",," ""绝战"""," ""中国"""," ""厦门乐众文化传媒有限公司"""," ""-"""," ""-"""," ""-""]",
"[""5""",," ""终极胜利"""," ""中国"""," ""北京紫禁城影业有限责任公司"""," ""-"""," ""-"""," ""-""]",
"[""6""",," ""古田会议"""," ""中国"""," ""八一电影制片厂"""," ""-"""," ""-"""," ""-""]",
"[""7""",," ""柴生芳"""," ""中国"""," ""兰州电影制片厂有限责任公司"""," ""-"""," ""-"""," ""-""]",
"[""8"""," ""7月2日"""," ""丑小鸭历险记"""," ""中国"""," ""广州塔秀动漫科技有限公司"""," ""-"""," ""-"""," ""-""]",
"[""9""",," ""忍者神龟2：破影而出"""," ""美国"""," ""美国派拉蒙影片公司"""," ""-"""," ""-"""," ""-""]",
"[""10"""," ""7月8日"""," ""寒战2"""," ""中国"""," ""中国电影股份有限公司"""," ""-"""," ""-"""," ""-""]",
"[""11""",," ""致青春·原来你还在这里"""," ""中国"""," ""上海儒意影视制作有限公司"""," ""-"""," ""-"""," ""-""]",
"[""12""",," ""摇滚藏獒"""," ""中国"""," ""华谊兄弟传媒股份有限公司"""," ""-"""," ""-"""," ""-""]",
"[""13""",," ""发条城市"""," ""中国"""," ""上海华大影业有限公司"""," ""-"""," ""-"""," ""-""]",
"[""14""",," ""大鱼海棠"""," ""中国"""," ""彼岸天（北京）文化有限公司"""," ""-"""," ""-"""," ""-""]",
"[""15""",," ""张震讲故事之合租屋"""," ""中国"""," ""酷锐赫兹（北京）影视文化有限公司"""," ""-"""," ""-"""," ""-""]",
"[""16""",," ""冬"""," ""中国"""," ""北京艺杰映画文化传媒有限公司"""," ""-"""," ""-"""," ""-""]",
"[""17"""," ""7月9日"""," ""人在驴途"""," ""中国"""," ""红色凯歌（北京）文化传媒有限公司"""," ""-"""," ""-"""," ""-""]",
"[""18""",," ""返乡"""," ""中国"""," ""河北波仔文化传播有限公司"""," ""-"""," ""-"""," ""-""]",
"[""19""",," ""再生之乐"""," ""中国"""," ""重庆市久来文化传媒有限公司"""," ""-"""," ""-"""," ""-""]",
"[""20"""," ""7月15日"""," ""快手枪手快枪手"""," ""中国"""," ""万达影视传媒有限公司"""," ""-"""," ""-"""," ""-""]",
"[""21""",," ""惊天大逆转"""," ""中国"""," ""中国电影股份有限公司"""," ""-"""," ""-"""," ""-""]",
"[""22""",," ""笔仙撞碟仙"""," ""中国"""," ""山西菲尔幕文化传媒有限公司"""," ""-"""," ""-"""," ""-""]",
"[""23""",," ""陆垚知马俐"""," ""中国"""," ""宸铭影业（上海）有限公司"""," ""-"""," ""-"""," ""-""]",
"[""24""",," ""超级保镖"""," ""中国"""," ""北京岳松影视文化有限公司"""," ""-"""," ""-"""," ""-""]",
"[""25""",," ""路边野餐"""," ""中国"""," ""海宁黑鳍文化传媒有限责任公司"""," ""-"""," ""-"""," ""-""]",
"[""26""",," ""假装看不见之电影大师"""," ""中国"""," ""青岛亿丰兄弟影视文化传媒有限公司"""," ""-"""," ""-"""," ""-""]",
"[""27""",," ""超能太阳鸭"""," ""中国"""," ""永康枫海影业有限公司"""," ""-"""," ""-"""," ""-""]",
"[""28"""," ""7月19日"""," ""泰山归来：险战丛林"""," ""美国"""," ""美国华纳兄弟影片公司"""," ""-"""," ""-"""," ""-""]",
"[""29"""," ""7月21日"""," ""泡沫之夏"""," ""中国"""," ""星皓影业有限公司"""," ""-"""," ""-"""," ""-""]",
"[""30""",," ""绝地逃亡"""," ""中国"""," ""北京唐德国际电影文化有限公司"""," ""-"""," ""-"""," ""-""]",
"[""31"""," ""7月22日"""," ""恐怖爱情故事之死亡公路"""," ""中国"""," ""北京鸿水影业有限公司"""," ""-"""," ""-"""," ""-""]",
"[""32""",," ""少年师爷之大禹宝藏"""," ""中国"""," ""浙江特立宙动画影视有限公司"""," ""-"""," ""-"""," ""-""]",
"[""33""",," ""巴霍巴利王：开端"""," ""印度"""," ""印度阿卡媒体公司"""," ""-"""," ""-"""," ""-""]",
"[""34""",," ""天亮之前"""," ""中国"""," ""福建恒业影业有限公司"""," ""-"""," ""-"""," ""-""]",
"[""35""",," ""刺猬小子之天生我刺"""," ""中国"""," ""北京摩天轮文化传媒有限公司"""," ""-"""," ""-"""," ""-""]",
"[""36""",," ""魔都凶音"""," ""中国"""," ""麦特影视文化传媒（天津）有限公司"""," ""-"""," ""-"""," ""-""]",
"[""37""",," ""哆啦A梦：新·大雄的日本诞生"""," ""日本"""," ""日本东宝株式会社"""," ""-"""," ""-"""," ""-""]",
"[""38""",," ""老阿姨"""," ""中国"""," ""长影集团有限责任公司"""," ""-"""," ""-"""," ""-""]",
"[""39"""," ""7月27日"""," ""红色警戒999"""," ""美国"""," ""美国世界观娱乐公司"""," ""-"""," ""-"""," ""-""]",
"[""40"""," ""7月28日"""," ""催命符之劫后重生"""," ""中国"""," ""北京嘉合映画影视文化传媒有限公司"""," ""-"""," ""-"""," ""-""]",
"[""41"""," ""7月29日"""," ""封神传奇"""," ""中国"""," ""博纳影业集团有限公司"""," ""-"""," ""-"""," ""-""]",
"[""42""",," ""宝贝当家"""," ""中国"""," ""美亚长城传媒（北京）有限公司"""," ""-"""," ""-"""," ""-""]",
"[""43""",," ""神秘世界历险记3"""," ""中国"""," ""江苏省广播电视总台（集团）电视传媒中心优漫卡通卫视频道"""," ""-"""," ""-"""," ""-""]",
"[""44""",," ""六弄咖啡馆"""," ""中国"""," ""华视娱乐投资集团股份有限公司"""," ""-"""," ""-"""," ""-""]",
"[""45""",," ""毒中毒"""," ""中国"""," ""北京中视华韵文化传播有限公司"""," ""-"""," ""-"""," ""-""]",
"[""46""",," ""情况不妙"""," ""中国"""," ""北京海润影业有限公司"""," ""-"""," ""-"""," ""-""]",
,,,,,,,,
"[""1"""," ""8月2日"""," ""爱宠大机密"""," ""美国"""," ""美国环球影片公司"""," ""-"""," ""-"""," ""-""]",
"[""2""",," ""龙拳小子"""," ""中国"""," ""北京爱迪时代投资管理有限公司"""," ""-"""," ""-"""," ""-""]",
"[""3"""," ""8月3日"""," ""狼兵吼"""," ""中国"""," ""北京名雅飞天影业有限公司"""," ""-"""," ""-"""," ""-""]",
"[""4"""," ""8月5日"""," ""盗墓笔记"""," ""中国"""," ""上海电影（集团）有限公司"""," ""-"""," ""-"""," ""-""]",
"[""5""",," ""我最好朋友的婚礼"""," ""中国"""," ""中国电影股份有限公司"""," ""-"""," ""-"""," ""-""]",
"[""6""",," ""夏有乔木雅望天堂"""," ""中国"""," ""上海嘉凤影视制作有限公司"""," ""-"""," ""-"""," ""-""]",
"[""7""",," ""古曼"""," ""中国"""," ""上海元廷文化传媒有限公司"""," ""-"""," ""-"""," ""-""]",
"[""8"""," ""8月8日"""," ""毛丰美"""," ""中国"""," ""北方联合影视集团有限公司"""," ""-"""," ""-"""," ""-""]",
"[""9"""," ""8月9日"""," ""谎言西西里"""," ""中国"""," ""凤凰传奇影业有限公司"""," ""-"""," ""-"""," ""-""]",
"[""10"""," ""8月11日"""," ""使徒行者"""," ""中国"""," ""嘉映影业有限公司"""," ""-"""," ""-"""," ""-""]",
"[""11"""," ""8月12日"""," ""海洋之歌"""," ""爱尔兰"""," ""爱尔兰卡通沙龙公司"""," ""-"""," ""-"""," ""-""]",
"[""12""",," ""诺亚方舟漂流记"""," ""德国"""," ""德国尤利西斯影业"""," ""-"""," ""-"""," ""-""]",
"[""13""",," ""岛囧"""," ""中国"""," ""甘肃大河传媒有限公司"""," ""-"""," ""-"""," ""-""]",
"[""14""",," ""微微一笑很倾城"""," ""中国"""," ""上海剧酷文化传播有限公司"""," ""-"""," ""-"""," ""-""]",
"[""15""",," ""我们诞生在中国"""," ""中国"""," ""上海尚世影业有限公司"""," ""-"""," ""-"""," ""-""]",
"[""16""",," ""那件疯狂的小事叫爱情"""," ""中国"""," ""英皇（北京）影视文化传媒有限公司"""," ""-"""," ""-"""," ""-""]",
"[""17""",," ""危城"""," ""中国"""," ""博纳影业集团有限公司"""," ""-"""," ""-"""," ""-""]",
"[""18"""," ""8月18日"""," ""七月半2：前世今生"""," ""中国"""," ""北京中影传奇影业有限公司"""," ""-"""," ""-"""," ""-""]",
"[""19""",," ""军号密码"""," ""中国"""," ""江苏荣耀文化教育有限公司"""," ""-"""," ""-"""," ""-""]",
"[""20"""," ""8月19日"""," ""终极硬汉"""," ""中国"""," ""山西电影制片厂（有限公司）"""," ""-"""," ""-"""," ""-""]",
"[""21""",," ""吉祥宝宝之我是食神"""," ""中国"""," ""东莞市创意文化传播有限公司"""," ""-"""," ""-"""," ""-""]",
"[""22""",," ""新大头儿子和小头爸爸2一日成才"""," ""中国"""," ""央视动画有限公司"""," ""-"""," ""-"""," ""-""]",
"[""23""",," ""精灵王座"""," ""中国"""," ""上海米家文化传播有限公司"""," ""-"""," ""-"""," ""-""]",
"[""24""",," ""火海凌云"""," ""俄罗斯"""," ""俄罗斯中央合作伙伴公司"""," ""-"""," ""-"""," ""-""]",
"[""25""",," ""一棵心中的“许愿树”"""," ""中国香港"""," ""香港刘氏国际影业及多媒体公司"""," ""-"""," ""-"""," ""-""]",
"[""26""",," ""他是龙"""," ""俄罗斯"""," ""俄罗斯巴赛勒斯有限责任公司"""," ""-"""," ""-"""," ""-""]",
"[""27"""," ""8月23日"""," ""冰川时代5：星际碰撞"""," ""美国"""," ""美国二十世纪福斯公司"""," ""-"""," ""-"""," ""-""]",
"[""28""",," ""谍影重重5"""," ""美国"""," ""美国环球影片公司"""," ""-"""," ""-"""," ""-""]",
"[""29""",," ""天使请吻我"""," ""中国"""," ""厦门皓月文化传媒有限公司"""," ""-"""," ""-"""," ""-""]",
"[""30"""," ""8月24日"""," ""回到原点"""," ""中国"""," ""广州瀚潮影视传媒有限公司"""," ""-"""," ""-"""," ""-""]",
"[""31"""," ""8月25日"""," ""低碳爱情"""," ""中国"""," ""大连东方瑞迪文化传媒有限公司"""," ""-"""," ""-"""," ""-""]",
"[""32""",," ""勿忘初心"""," ""中国"""," ""北京飞天唐自头影视文化发展有限公司"""," ""-"""," ""-"""," ""-""]",
"[""33"""," ""8月26日"""," ""花样厨神"""," ""中国"""," ""中国电影股份有限公司"""," ""-"""," ""-"""," ""-""]",
"[""34""",," ""爸爸的木房子"""," ""中国"""," ""浙江博瑞影视制作有限公司"""," ""-"""," ""-"""," ""-""]",
"[""35""",," ""在世界中心呼唤爱"""," ""中国"""," ""北京宸铭影视文化传媒有限公司"""," ""-"""," ""-"""," ""-""]",
"[""36""",," ""惊天绑架团"""," ""比利时"""," ""比利时堤岸影业公司"""," ""-"""," ""-"""," ""-""]",
"[""37""",," ""喊·山"""," ""中国"""," ""北京海润影业有限公司"""," ""-"""," ""-"""," ""-""]",
"[""38""",," ""爱在星空下"""," ""中国"""," ""上海汪子琦文化传播有限公司"""," ""-"""," ""-"""," ""-""]",
"[""39""",," ""幸运是我"""," ""中国"""," ""大地时代文化传播（北京）有限公司"""," ""-"""," ""-"""," ""-""]",
"[""40""",," ""疯狂的疯狂"""," ""中国"""," ""山西作家影视艺术制作有限公司"""," ""-"""," ""-"""," ""-""]",
"[""41""",," ""诡新娘"""," ""中国"""," ""北京光影奇迹影视文化有限公司"""," ""-"""," ""-"""," ""-""]",
"[""42""",," ""白雪公主和三只小猪"""," ""中国"""," ""山西菲尔幕文化传媒有限公司"""," ""-"""," ""-"""," ""-""]",
,,,,,,,,
"[""1"""," ""9月1日"""," ""换个活法"""," ""中国"""," ""绵阳文化旅游集团有限公司"""," ""-"""," ""-"""," ""-""]",
"[""2"""," ""9月2日"""," ""铁拳"""," ""美国"""," ""美国韦恩斯坦影业公司"""," ""-"""," ""-"""," ""-""]",
"[""3""",," ""星际迷航3：超越星辰"""," ""美国"""," ""美国派拉蒙影片公司"""," ""-"""," ""-"""," ""-""]",
"[""4""",," ""寄生兽"""," ""日本"""," ""日本东宝电影公司"""," ""-"""," ""-"""," ""-""]",
"[""5""",," ""小魔仙之黑魔法来袭"""," ""中国"""," ""浙江泰皇影视文化有限公司"""," ""-"""," ""-"""," ""-""]",
"[""6""",," ""玩命剧组"""," ""中国"""," ""北京锐奇伟业国际文化传媒有限公司"""," ""-"""," ""-"""," ""-""]",
"[""7""",," ""我们的十年"""," ""中国"""," ""湖南楚人传媒有限公司"""," ""-"""," ""-"""," ""-""]",
"[""8""",," ""蹴鞠"""," ""中国"""," ""北京中视远图科技有限公司"""," ""-"""," ""-"""," ""-""]",
"[""9""",," ""夜半哭声"""," ""中国"""," ""山西菲尔幕文化传媒有限公司"""," ""-"""," ""-"""," ""-""]",
"[""10"""," ""9月8日"""," ""看见我和你"""," ""中国"""," ""北京翡翠格纳文化有限公司"""," ""-"""," ""-"""," ""-""]",
"[""11""",," ""长江图"""," ""中国"""," ""北京传灯文化投资有限公司"""," ""-"""," ""-"""," ""-""]",
"[""12"""," ""9月9日"""," ""魔法老师"""," ""英国"""," ""英国比尔与本电影公司"""," ""-"""," ""-"""," ""-""]",
"[""13""",," ""奇葩追梦"""," ""中国"""," ""峨眉电影集团有限公司"""," ""-"""," ""-"""," ""-""]",
"[""14""",," ""夜魔人"""," ""中国"""," ""北京半人马影视文化有限公司"""," ""-"""," ""-"""," ""-""]",
"[""15""",," ""丢羊"""," ""中国"""," ""兰州浩发影视传媒有限公司"""," ""-"""," ""-"""," ""-""]",
"[""16""",," ""为爱放手"""," ""中国"""," ""唐城文化传媒股份有限公司"""," ""-"""," ""-"""," ""-""]",
"[""17""",," ""九条命"""," ""法国"""," ""法国欧罗巴电影公司"""," ""-"""," ""-"""," ""-""]",
"[""18""",," ""鲨滩"""," ""美国"""," ""美国哥伦比亚影片公司"""," ""-"""," ""-"""," ""-""]",
"[""19""",," ""黑海夺金"""," ""英国"""," ""英国四海影片公司"""," ""-"""," ""-"""," ""-""]",
"[""20""",," ""荒村凶间"""," ""中国"""," ""壹彤国际文化传媒（北京）有限公司"""," ""-"""," ""-"""," ""-""]",
"[""21"""," ""9月10日"""," ""斗艳"""," ""中国"""," ""深圳狐狸猎犬互动娱乐有限公司"""," ""-"""," ""-"""," ""-""]",
"[""22"""," ""9月13日"""," ""丝路英雄·云镝"""," ""中国"""," ""中毓（北京）文化传媒有限公司"""," ""-"""," ""-"""," ""-""]",
"[""23"""," ""9月14日"""," ""大话西游3"""," ""中国"""," ""春秋时代（天津）影业有限公司"""," ""-"""," ""-"""," ""-""]",
"[""24""",," ""反贪风暴2"""," ""中国"""," ""上海鸣艺文化传媒有限公司"""," ""-"""," ""-"""," ""-""]",
"[""25""",," ""七月与安生"""," ""中国"""," ""极客影业（上海）有限公司"""," ""-"""," ""-"""," ""-""]",
"[""26""",," ""追凶者也"""," ""中国"""," ""和和（上海）影业有限公司"""," ""-"""," ""-"""," ""-""]",
"[""27"""," ""9月15日"""," ""我的战争"""," ""中国"""," ""中国电影股份有限公司"""," ""-"""," ""-"""," ""-""]",
"[""28""",," ""爱的“蟹”逅"""," ""中国"""," ""上海星洲文化传媒有限公司"""," ""-"""," ""-"""," ""-""]",
"[""29""",," ""神兽金刚之青龙再现"""," ""中国"""," ""珠江电影集团有限公司"""," ""-"""," ""-"""," ""-""]",
"[""30""",," ""麦兜·饭宝奇兵"""," ""中国"""," ""广东新华展望传媒有限公司"""," ""-"""," ""-"""," ""-""]",
"[""31""",," ""一条叫王子的狗"""," ""中国"""," ""雪之梦（北京）影业有限公司"""," ""-"""," ""-"""," ""-""]",
"[""32"""," ""9月16日"""," ""击战"""," ""中国"""," ""北京灏鑫上元影视文化传媒有限公司"""," ""-"""," ""-"""," ""-""]",
"[""33"""," ""9月20日"""," ""巴黎危机"""," ""法国"""," ""法国映欧嘉纳影业公司"""," ""-"""," ""-"""," ""-""]",
"[""34"""," ""9月23日"""," ""樱桃小丸子：来自意大利的少年"""," ""日本"""," ""日本东宝株式会社"""," ""-"""," ""-"""," ""-""]",
"[""35""",," ""三个孬家伙"""," ""中国"""," ""河南弘星影视传媒有限公司"""," ""-"""," ""-"""," ""-""]",
"[""36""",," ""逗鸟外传：萌宝满天飞"""," ""美国"""," ""美国华纳兄弟影片公司"""," ""-"""," ""-"""," ""-""]",
"[""37""",," ""234说爱你"""," ""中国台湾"""," ""台湾凯擘影艺股份有限公司"""," ""-"""," ""-"""," ""-""]",
"[""38""",," ""诡梦凶铃"""," ""中国"""," ""四川天空之境影业有限公司"""," ""-"""," ""-"""," ""-""]",
"[""39""",," ""谁的青春不热血之深流不息"""," ""中国"""," ""福建省皇品文化传播有限公司"""," ""-"""," ""-"""," ""-""]",
"[""40""",," ""凤凰谷"""," ""中国"""," ""曲靖市麒麟区白灵影视有限公司"""," ""-"""," ""-"""," ""-""]",
"[""41"""," ""9月27日"""," ""地球四季"""," ""法国"""," ""法国百代电影公司"""," ""-"""," ""-"""," ""-""]",
"[""42"""," ""9月29日"""," ""从你的全世界路过"""," ""中国"""," ""北京光线影业有限公司"""," ""-"""," ""-"""," ""-""]",
"[""43""",," ""爵迹"""," ""中国"""," ""乐视影业（北京）有限公司"""," ""-"""," ""-"""," ""-""]",
"[""44"""," ""9月30日"""," ""湄公河行动"""," ""中国"""," ""博纳影业集团有限公司"""," ""-"""," ""-"""," ""-""]",
"[""45""",," ""爱的钟声"""," ""中国"""," ""北京星池文化传播有限公司"""," ""-"""," ""-"""," ""-""]",
"[""46""",," ""幽灵医院"""," ""中国"""," ""绍兴新锐传媒影视文化发展有限公司"""," ""-"""," ""-"""," ""-""]",
"[""47""",," ""新木偶奇遇记"""," ""中国"""," ""合肥创新符号影视文化有限公司"""," ""-"""," ""-"""," ""-""]",
"[""48""",," ""王牌逗王牌"""," ""中国"""," ""引力影视投资有限公司"""," ""-"""," ""-"""," ""-""]",
,,,,,,,,
"[""1"""," ""10月1日"""," ""我是哪吒"""," ""中国"""," ""苏州智杰多媒体有限公司"""," ""-"""," ""-"""," ""-""]",
"[""2""",," ""心灵解码"""," ""中国"""," ""河南省龙邦映像影视文化传播有限公司"""," ""-"""," ""-"""," ""-""]",
"[""3"""," ""10月2日"""," ""铠甲勇士捕王"""," ""中国"""," ""奥飞影业（上海）有限公司"""," ""-"""," ""-"""," ""-""]",
"[""4"""," ""10月3日"""," ""疯狂丑小鸭"""," ""中国"""," ""合肥泰尚文化科技有限公司"""," ""-"""," ""-"""," ""-""]",
"[""5""",," ""爱情不等式"""," ""中国"""," ""浙江金沙影业有限公司"""," ""-"""," ""-"""," ""-""]",
"[""6"""," ""10月4日"""," ""新东方神娃"""," ""中国"""," ""青岛金视电影投资有限公司"""," ""-"""," ""-"""," ""-""]",
"[""7""",," ""鲁滨逊漂流记"""," ""法国"""," ""法国映欧嘉纳影业"""," ""-"""," ""-"""," ""-""]",
"[""8"""," ""10月9日"""," ""那年我对你的承诺"""," ""中国"""," ""电影频道节目中心"""," ""-"""," ""-"""," ""-""]",
"[""9"""," ""10月10日"""," ""宾虚"""," ""美国"""," ""美国派拉蒙影片公司"""," ""-"""," ""-"""," ""-""]",
"[""10""",," ""遵义会议"""," ""中国"""," ""陕西文化产业（影视）投资有限公司"""," ""-"""," ""-"""," ""-""]",
"[""11"""," ""10月14日"""," ""小熊的夏天"""," ""中国"""," ""九九辉煌（北京）影视文化发展有限公司"""," ""-"""," ""-"""," ""-""]",
"[""12""",," ""T台魔王"""," ""中国"""," ""西安兄弟联盟影视文化传播有限公司"""," ""-"""," ""-"""," ""-""]",
"[""13""",," ""爱上处女座"""," ""中国"""," ""北京小猪哼哼文化传媒有限公司"""," ""-"""," ""-"""," ""-""]",
"[""14""",," ""勇士"""," ""中国"""," ""八一电影制片厂"""," ""-"""," ""-"""," ""-""]",
"[""15""",," ""黑处有什么"""," ""中国"""," ""和和（上海）影业有限公司"""," ""-"""," ""-"""," ""-""]",
"[""16""",," ""爱神箭"""," ""中国"""," ""北京一轮辉煌文化传播有限公司"""," ""-"""," ""-"""," ""-""]",
"[""17""",," ""心语阳光"""," ""中国"""," ""浩艺精英（北京）文化传媒有限公司"""," ""-"""," ""-"""," ""-""]",
"[""18""",," ""四渡赤水"""," ""中国"""," ""湖北长江电影集团有限责任公司"""," ""-"""," ""-"""," ""-""]",
"[""19""",," ""圆梦巨人"""," ""美国"""," ""美国安培林娱乐公司"""," ""-"""," ""-"""," ""-""]",
"[""20""",," ""暗杀游戏"""," ""俄罗斯"""," ""俄罗斯欢乐影业"""," ""-"""," ""-"""," ""-""]",
"[""21"""," ""10月18日"""," ""太阳河"""," ""中国"""," ""艺恒东方（北京）国际文化传媒有限公司"""," ""-"""," ""-"""," ""-""]",
"[""22"""," ""10月20日"""," ""惊天破"""," ""中国"""," ""银都机构有限公司"""," ""-"""," ""-"""," ""-""]",
"[""23"""," ""10月21日"""," ""热血雷锋侠之激情营救"""," ""中国"""," ""中国电影股份有限公司"""," ""-"""," ""-"""," ""-""]",
"[""24""",," ""凶手还未睡"""," ""中国"""," ""银都机构有限公司"""," ""-"""," ""-"""," ""-""]",
"[""25""",," ""异性合租的往事"""," ""中国"""," ""上海皓望文化传播有限公司"""," ""-"""," ""-"""," ""-""]",
"[""26""",," ""杠上开花"""," ""中国"""," ""武汉广播电视台"""," ""-"""," ""-"""," ""-""]",
"[""27""",," ""机械师2：复活"""," ""美国"""," ""美国千禧年电影公司"""," ""-"""," ""-"""," ""-""]",
"[""28""",," ""侠探杰克：永不回头"""," ""美国"""," ""美国派拉蒙影片公司"""," ""-"""," ""-"""," ""-""]",
"[""29""",," ""龙珠Z：复活的弗利萨"""," ""日本"""," ""日本东映株式会社"""," ""-"""," ""-"""," ""-""]",
"[""30"""," ""10月26日"""," ""大会师"""," ""中国"""," ""兰州电影制片厂有限责任公司"""," ""-"""," ""-"""," ""-""]",
"[""31"""," ""10月28日"""," ""小明和他的小伙伴们"""," ""中国"""," ""传奇天辉影视文化（北京）有限公司"""," ""-"""," ""-"""," ""-""]",
"[""32""",," ""枕边有张脸2"""," ""中国"""," ""山西菲尔幕文化传媒有限公司"""," ""-"""," ""-"""," ""-""]",
"[""33""",," ""魔发精灵"""," ""美国"""," ""美国梦工场动画"""," ""-"""," ""-"""," ""-""]",
"[""34""",," ""育婴室"""," ""中国"""," ""北京家乐影业有限公司"""," ""-"""," ""-"""," ""-""]",
"[""35""",," ""驴得水"""," ""中国"""," ""北京斯立文化传播有限公司"""," ""-"""," ""-"""," ""-""]",
"[""36""",," ""何去何从"""," ""中国"""," ""河北青山绿水文化传播有限公司"""," ""-"""," ""-"""," ""-""]",
"[""37""",," ""但丁密码"""," ""美国"""," ""美国哥伦比亚影片公司"""," ""-"""," ""-"""," ""-""]",
,,,,,,,,
"[""1"""," ""11月1日"""," ""钢铁骑士"""," ""美国"""," ""美国海豚影业"""," ""-"""," ""-"""," ""-""]",
"[""2"""," ""11月2日"""," ""脑残粉"""," ""印度"""," ""印度YRF电影公司"""," ""-"""," ""-"""," ""-""]",
"[""3"""," ""11月3日"""," ""我的圣途"""," ""中国"""," ""凉山文化广播影视传媒集团有限公司"""," ""-"""," ""-"""," ""-""]",
"[""4"""," ""11月4日"""," ""不离不弃"""," ""中国"""," ""广西明通影视文化传媒有限公司"""," ""-"""," ""-"""," ""-""]",
"[""5""",," ""蜡笔小新：梦境世界大突击"""," ""日本"""," ""日本SHIN-EI动画公司"""," ""-"""," ""-"""," ""-""]",
"[""6""",," ""捉迷藏"""," ""中国"""," ""新线索（北京）影视投资有限公司"""," ""-"""," ""-"""," ""-""]",
"[""7""",," ""被劫持的爱情"""," ""中国"""," ""上海予觉文化传播有限公司"""," ""-"""," ""-"""," ""-""]",
"[""8""",," ""奇异博士"""," ""美国"""," ""美国漫威影业公司"""," ""-"""," ""-"""," ""-""]",
"[""9""",," ""非常父子档"""," ""中国"""," ""河南电影电视制作集团有限公司"""," ""-"""," ""-"""," ""-""]",
"[""10""",," ""盛先生的花儿"""," ""中国"""," ""青年电影制片厂"""," ""-"""," ""-"""," ""-""]",
"[""11""",," ""笑林足球"""," ""中国"""," ""北京凯视芳华文化传播有限公司"""," ""-"""," ""-"""," ""-""]",
"[""12""",," ""一句顶一万句"""," ""中国"""," ""西老庄影业有限公司"""," ""-"""," ""-"""," ""-""]",
"[""13""",," ""狱中惊魂"""," ""中国"""," ""世纪长龙影视有限公司"""," ""-"""," ""-"""," ""-""]",
"[""14""",," ""诡咒"""," ""中国"""," ""北京嘉傲泰合影视文化传媒有限公司"""," ""-"""," ""-"""," ""-""]",
"[""15""",," ""恐怖笔记"""," ""中国"""," ""北京泰初文化传媒有限公司"""," ""-"""," ""-"""," ""-""]",
"[""16"""," ""11月8日"""," ""邻家大贱谍"""," ""美国"""," ""美国二十世纪福斯公司"""," ""-"""," ""-"""," ""-""]",
"[""17"""," ""11月9日"""," ""情比山高"""," ""中国"""," ""云南云河之舟影业有限公司"""," ""-"""," ""-"""," ""-""]",
"[""18""",," ""生死96小时"""," ""中国"""," ""贵州省黔秀通影视文化传媒有限公司"""," ""-"""," ""-"""," ""-""]",
"[""19"""," ""11月10日"""," ""贫穷富爸爸"""," ""中国"""," ""上海思远影视文化传播有限公司"""," ""-"""," ""-"""," ""-""]",
"[""20""",," ""夺路而逃"""," ""中国"""," ""河南三川影业股份有限公司"""," ""-"""," ""-"""," ""-""]",
"[""21"""," ""11月11日"""," ""航海王之黄金城"""," ""日本"""," ""日本东映动画株式会社"""," ""-"""," ""-"""," ""-""]",
"[""22""",," ""聊斋新编之画皮新娘"""," ""中国"""," ""山西菲尔幕文化传媒有限公司"""," ""-"""," ""-"""," ""-""]",
"[""23""",," ""外公芳龄38"""," ""中国"""," ""引力影视投资有限公司"""," ""-"""," ""-"""," ""-""]",
"[""24""",," ""比利·林恩的中场战事"""," ""美国"""," ""美国索尼影业"""," ""-"""," ""-"""," ""-""]",
"[""25""",," ""减法人生"""," ""中国"""," ""北京人和时光文化传媒有限责任公司"""," ""-"""," ""-"""," ""-""]",
"[""26""",," ""脱单宝典"""," ""中国"""," ""绍兴新锐传媒影视文化发展有限公司"""," ""-"""," ""-"""," ""-""]",
"[""27""",," ""兄弟之北漂歌手"""," ""中国"""," ""北京凡人乐视文化传媒有限公司"""," ""-"""," ""-"""," ""-""]",
"[""28""",," ""非常绑架"""," ""中国"""," ""北京杰福瑞文化发展有限公司"""," ""-"""," ""-"""," ""-""]",
"[""29"""," ""11月12日"""," ""最后证言"""," ""中国"""," ""哈尔滨市景歌影视文化传媒有限公司"""," ""-"""," ""-"""," ""-""]",
"[""30"""," ""11月15日"""," ""深海浩劫"""," ""美国"""," ""美国顶峰娱乐公司"""," ""-"""," ""-"""," ""-""]",
"[""31""",," ""红颜容"""," ""中国"""," ""郑州大山文化传媒有限公司"""," ""-"""," ""-"""," ""-""]",
"[""32"""," ""11月16日"""," ""筑梦人"""," ""中国"""," ""\""北京东方班墨影视传媒有限公司"""," ""-"""," ""-"""," ""-""]",
"[""33"""," ""11月18日"""," ""我不是潘金莲"""," ""中国"""," ""北京耀莱影视文化传媒有限公司"""," ""-"""," ""-"""," ""-""]",
"[""34""",," ""勇士之门"""," ""中国"""," ""上海基美影业股份有限公司"""," ""-"""," ""-"""," ""-""]",
"[""35""",," ""白云桥"""," ""中国"""," ""北京星宇华夏国际影视文化传媒有限公司"""," ""-"""," ""-"""," ""-""]",
"[""36""",," ""少年梦"""," ""中国"""," ""北京宇宙中极文化传媒有限公司"""," ""-"""," ""-"""," ""-""]",
"[""37""",," ""辣警霸王花"""," ""中国香港"""," ""香港菠萝电影有限公司"""," ""-"""," ""-"""," ""-""]",
"[""38""",," ""阿拉丁与神灯"""," ""法国"""," ""法国百代电影公司"""," ""-"""," ""-"""," ""-""]",
"[""39"""," ""11月25日"""," ""越囧"""," ""中国"""," ""广西首尔文化传播有限公司"""," ""-"""," ""-"""," ""-""]",
"[""40""",," ""怨灵地下室"""," ""中国"""," ""北京山水世爵国际文化投资有限公司"""," ""-"""," ""-"""," ""-""]",
"[""41""",," ""最萌身高差"""," ""中国"""," ""中影新锐（北京）影业有限公司"""," ""-"""," ""-"""," ""-""]",
"[""42""",," ""夏威夷之恋"""," ""中国"""," ""北京金菲林文化传媒有限公司"""," ""-"""," ""-"""," ""-""]",
"[""43""",," ""冲天火"""," ""中国"""," ""欢瑞世纪影视传媒股份有限公司"""," ""-"""," ""-"""," ""-""]",
"[""44""",," ""热土悲歌"""," ""中国"""," ""北京中视华韵文化传播有限公司"""," ""-"""," ""-"""," ""-""]",
"[""45""",," ""海洋奇缘"""," ""美国"""," ""美国迪士尼影片公司"""," ""-"""," ""-"""," ""-""]",
"[""46""",," ""神奇动物在哪里"""," ""美国"""," ""美国华纳兄弟影片公司"""," ""-"""," ""-"""," ""-""]",
"[""47""",," ""骆驼客2箭在弦"""," ""中国"""," ""电影频道节目中心"""," ""-"""," ""-"""," ""-""]",
"[""48""",," ""我是处女座"""," ""中国"""," ""中影上元（北京）国际影视投资有限公司"""," ""-"""," ""-"""," ""-""]",
"[""49""",," ""名侦探柯南：纯黑的恶梦"""," ""日本"""," ""日本东宝株式会社"""," ""-"""," ""-"""," ""-""]",
"[""50"""," ""11月30日"""," ""间谍同盟"""," ""美国"""," ""美国派拉蒙影片公司"""," ""-"""," ""-"""," ""-""]",
,,,,,,,,
"[""1"""," ""12月1日"""," ""爱你的人"""," ""中国"""," ""北京世纪开元影视文化有限公司"""," ""-"""," ""-"""," ""-""]",
"[""2"""," ""12月2日"""," ""东宫皇子"""," ""中国"""," ""杭州坤耀影视传媒发展有限公司"""," ""-"""," ""-"""," ""-""]",
"[""3""",," ""三少爷的剑"""," ""中国"""," ""博纳影业集团有限公司"""," ""-"""," ""-"""," ""-""]",
"[""4""",," ""食人岛"""," ""中国"""," ""河南电影电视制作集团有限公司"""," ""-"""," ""-"""," ""-""]",
"[""5""",," ""沙漠之心"""," ""中国"""," ""定边县驰越文化传媒有限公司"""," ""-"""," ""-"""," ""-""]",
"[""6""",," ""超级快递"""," ""中国"""," ""上海基美影业股份有限公司"""," ""-"""," ""-"""," ""-""]",
"[""7""",," ""锅是铁"""," ""中国"""," ""西安阿房宫影视制作有限公司"""," ""-"""," ""-"""," ""-""]",
"[""8""",," ""极速之巅"""," ""英国"""," ""英国42管理及制作有限责任公司"""," ""-"""," ""-"""," ""-""]",
"[""9""",," ""佩小姐的奇幻城堡"""," ""美国"""," ""美国二十世纪福斯公司"""," ""-"""," ""-"""," ""-""]",
"[""10""",," ""你的名字。"""," ""日本"""," ""日本东宝股份公司"""," ""-"""," ""-"""," ""-""]",
"[""11""",," ""老腔"""," ""中国"""," ""西安高峰影视制作有限公司"""," ""-"""," ""-"""," ""-""]",
"[""12"""," ""12月6日"""," ""试睡员48小时"""," ""中国"""," ""江苏吉恩影视文化有限公司"""," ""-"""," ""-"""," ""-""]",
"[""13"""," ""12月8日"""," ""血战钢锯岭"""," ""澳大利亚"""," ""澳洲宇宙电影娱乐有限公司"""," ""-"""," ""-"""," ""-""]",
"[""14"""," ""12月9日"""," ""28岁未成年"""," ""中国"""," ""乐视影业（北京）有限公司"""," ""-"""," ""-"""," ""-""]",
"[""15""",," ""塔洛"""," ""中国"""," ""天画画天（北京）影业有限公司"""," ""-"""," ""-"""," ""-""]",
"[""16""",," ""凄灵室"""," ""中国"""," ""北京喜精奇影视文化传媒有限公司"""," ""-"""," ""-"""," ""-""]",
"[""17""",," ""爱上试睡师"""," ""中国"""," ""上海小康时代电影有限公司"""," ""-"""," ""-"""," ""-""]",
"[""18""",," ""那美"""," ""中国"""," ""河南盈冲影视文化传媒有限公司"""," ""-"""," ""-"""," ""-""]",
"[""19""",," ""牡丹仙子之皇帝昭曰"""," ""中国"""," ""山西金视文化传播中心"""," ""-"""," ""-"""," ""-""]",
"[""20""",," ""呆呆计划"""," ""中国"""," ""浙江新影年代文化传播有限公司"""," ""-"""," ""-"""," ""-""]",
"[""21""",," ""萨利机长"""," ""美国"""," ""美国华纳兄弟影片公司"""," ""-"""," ""-"""," ""-""]",
"[""22""",," ""反黑行动组"""," ""法国"""," ""法国SND电影公司"""," ""-"""," ""-"""," ""-""]",
"[""23"""," ""12月12日"""," ""先锋之那时青春"""," ""中国"""," ""中国广播影视出版社"""," ""-"""," ""-"""," ""-""]",
"[""24"""," ""12月13日"""," ""流金"""," ""中国"""," ""山西电影制片厂（有限公司）"""," ""-"""," ""-"""," ""-""]",
"[""25"""," ""12月16日"""," ""罗曼蒂克消亡史"""," ""中国"""," ""华谊兄弟电影有限公司"""," ""-"""," ""-"""," ""-""]",
"[""26""",," ""长城"""," ""中国"""," ""中国电影股份有限公司"""," ""-"""," ""-"""," ""-""]",
"[""27""",," ""我在故宫修文物"""," ""中国"""," ""杭州潜影文化创意有限公司"""," ""-"""," ""-"""," ""-""]",
"[""28""",," ""少年"""," ""中国"""," ""上海腾讯影业文化传播有限公司"""," ""-"""," ""-"""," ""-""]",
"[""29""",," ""五女闹京城"""," ""中国"""," ""上海电影（集团）有限公司"""," ""-"""," ""-"""," ""-""]",
"[""30""",," ""我的朋友圈"""," ""中国"""," ""河南天音文化艺术有限公司"""," ""-"""," ""-"""," ""-""]",
"[""31""",," ""生门"""," ""中国"""," ""北京中视文公文化传媒有限公司"""," ""-"""," ""-"""," ""-""]",
"[""32""",," ""飞天窑女"""," ""中国"""," ""浙江龙泉创美文化影视传媒有限公司"""," ""-"""," ""-"""," ""-""]",
"[""33"""," ""12月17日"""," ""功夫四侠"""," ""中国"""," ""合肥橡树动画有限公司"""," ""-"""," ""-"""," ""-""]",
"[""34"""," ""12月18日"""," ""大山里的春天"""," ""中国"""," ""北京卯光兄弟影视文化传媒有限公司"""," ""-"""," ""-"""," ""-""]",
"[""35""",," ""求生者"""," ""中国"""," ""中青缘文化产业投资有限公司"""," ""-"""," ""-"""," ""-""]",
"[""36""",," ""甜水谣"""," ""中国"""," ""北京卯光兄弟影视文化传媒有限公司"""," ""-"""," ""-"""," ""-""]",
"[""37"""," ""12月23日"""," ""有迹可循"""," ""中国"""," ""北京星立方文化传媒有限公司"""," ""-"""," ""-"""," ""-""]",
"[""38""",," ""摆渡人"""," ""中国"""," ""上海阿里巴巴影业有限公司"""," ""-"""," ""-"""," ""-""]",
"[""39""",," ""失心者"""," ""中国"""," ""浙江南派影业股份有限公司"""," ""-"""," ""-"""," ""-""]",
"[""40""",," ""掠夺者"""," ""加拿大"""," ""加拿大柯克·肖制片公司"""," ""-"""," ""-"""," ""-""]",
"[""41""",," ""铁道飞虎"""," ""中国"""," ""北京耀莱影视文化传媒有限公司"""," ""-"""," ""-"""," ""-""]",
"[""42"""," ""12月24日"""," ""绝对控制"""," ""爱尔兰"""," ""爱尔兰迅联电影公司"""," ""-"""," ""-"""," ""-""]",
"[""43""",," ""我的女神女汉子"""," ""中国"""," ""上海谐成影视传媒有限公司"""," ""-"""," ""-"""," ""-""]",
"[""44""",," ""燕振昌"""," ""中国"""," ""求是影视中心"""," ""-"""," ""-"""," ""-""]",
"[""45"""," ""12月29日"""," ""冒牌卧底"""," ""中国"""," ""中广德丰文化传媒（北京）有限公司"""," ""-"""," ""-"""," ""-""]",
"[""46""",," ""恋"""," ""中国"""," ""东莞市喜彩文化传播有限公司"""," ""-"""," ""-"""," ""-""]",
"[""47"""," ""12月30日"""," ""那年夏天你去了哪里"""," ""中国"""," ""银都机构有限公司"""," ""-"""," ""-"""," ""-""]",
"[""48""",," ""爸爸的3次婚礼"""," ""中国"""," ""北京沸点无限娱乐文化发展有限公司"""," ""-"""," ""-"""," ""-""]",
"[""49""",," ""难忘金银滩"""," ""中国"""," ""陕西秦乐传媒有限公司"""," ""-"""," ""-"""," ""-""]",
"[""50""",," ""情圣"""," ""中国"""," ""新丽传媒股份有限公司"""," ""-"""," ""-"""," ""-""]",
"[""51""",," ""北极大冒险"""," ""加拿大意大利"""," ""意大利美杜莎影业公司       加拿大谜底比影业公司"""," ""-"""," ""-"""," ""-""]",
"[""52""",," ""你好 疯子“"," ""中国"""," ""北京乐观文泰传媒有限公司"""," ""-"""," ""-"""," ""-""]",
"[""53"""," ""12月31日"""," ""超级幼儿园"""," ""中国"""," ""合肥泰尚文化科技有限公司"""," ""-"""," ""-"""," ""-""]",
"[""54""",," ""冰雪女皇之冬日魔咒"""," ""俄罗斯"""," ""俄罗斯威扎特动画公司"""," ""-"""," ""-"""," ""-""]",
"[""55""",," ""人鱼校花"""," ""中国"""," ""北京光影华视文化传媒有限公司"""," ""-"""," ""-"""," ""-""]]",
